id;titulo;contenido;fecha_publicacion;autor
1;knowledgeably huzzah nor;intuit;2024-04-11;real
2;whether meaty;release adjudge;2024-04-11;imaginative
3;yawningly;what gosh bullet;2024-04-11;aw bust gadzooks
4;cudgel similarity;lighthearted scrip;2024-04-11;consequently usefully cable
5;schedule gosh;quail misplay;2024-04-11;page reprint
6;behind;per;2024-04-11;so whoa
7;ah hover now;hazelnut;2024-04-11;incidentally including
8;brr;educated off;2024-04-11;turbulent psst structure
9;over owlishly;truthfully;2024-04-11;relax nearly when
10;heel during;eek;2024-04-11;mission usually inside
